{
    "index": 0,
    "random": false,
    "sysProxyMode": 0,
    "shareOverLan": false,
    "bypassWhiteList": false,
    "localPort": 1080,
    "localAuthPassword": "MVIjXnZB6os1JhldMnMzGn1BG8",
    "dns_server": "",
    "reconnectTimes": 4,
    "randomAlgorithm": 0,
    "TTL": 60,
    "connect_timeout": 5,
    "proxyRuleMode": 1,
    "proxyEnable": false,
    "pacDirectGoProxy": false,
    "proxyType": 0,
    "proxyHost": "",
    "proxyPort": 0,
    "proxyAuthUser": "",
    "proxyAuthPass": "",
    "proxyUserAgent": "",
    "authUser": "",
    "authPass": "",
    "autoBan": false,
    "sameHostForSameTarget": true,
    "keepVisitTime": 180,
    "isHideTips": true,
    "token": [],
    "portMap": [],
    "configs": [
        {
            "remarks": "Freecat  \u7f8e\u56fd 1(\u79fb\u52a8*\u8054\u901a*\u7535\u4fe1) - Shadowsocks",
            "server": "us1.freecatvpn.net",
            "server_port": 47926,
            "method": "rc4-md5",
            "obfs": "plain",
            "obfsparam": "",
            "remarks_base64": "RnJlZWNhdCAg576O5Zu9IDEo56e75YqoKuiBlOmAmirnlLXkv6EpIC0gU2hhZG93c29ja3M=",
            "password": "AAwRlY",
            "tcp_over_udp": false,
            "udp_over_tcp": false,
            "group": "freeCatvpn",
            "protocol": "origin",
            "obfs_udp": false,
            "enable": true
        },
        {
            "remarks": "Freecat \u9999\u6e2f 1(\u79fb\u52a8*\u8054\u901a*\u7535\u4fe1) - Shadowsocks",
            "server": "hk1.freecatvpn.net",
            "server_port": 47926,
            "method": "rc4-md5",
            "obfs": "plain",
            "obfsparam": "",
            "remarks_base64": "RnJlZWNhdCDpppnmuK8gMSjnp7vliqgq6IGU6YCaKueUteS\/oSkgLSBTaGFkb3dzb2Nrcw==",
            "password": "AAwRlY",
            "tcp_over_udp": false,
            "udp_over_tcp": false,
            "group": "freeCatvpn",
            "protocol": "origin",
            "obfs_udp": false,
            "enable": true
        },
        {
            "remarks": "Freecat  \u9999\u6e2f 2(\u79fb\u52a8*\u8054\u901a*\u7535\u4fe1-\u63a8\u8350) - Shadowsocks",
            "server": "hk2.freecatvpn.net",
            "server_port": 47926,
            "method": "rc4-md5",
            "obfs": "plain",
            "obfsparam": "",
            "remarks_base64": "RnJlZWNhdCAg6aaZ5rivIDIo56e75YqoKuiBlOmAmirnlLXkv6Et5o6o6I2QKSAtIFNoYWRvd3NvY2tz",
            "password": "AAwRlY",
            "tcp_over_udp": false,
            "udp_over_tcp": false,
            "group": "freeCatvpn",
            "protocol": "origin",
            "obfs_udp": false,
            "enable": true
        },
        {
            "remarks": "Freecat \u52a0\u62ff\u5927 1(\u8054\u901a*\u7535\u4fe1) - Shadowsocks",
            "server": "us2.freecatvpn.net",
            "server_port": 47926,
            "method": "rc4-md5",
            "obfs": "plain",
            "obfsparam": "",
            "remarks_base64": "RnJlZWNhdCDliqDmi7\/lpKcgMSjogZTpgJoq55S15L+hKSAtIFNoYWRvd3NvY2tz",
            "password": "AAwRlY",
            "tcp_over_udp": false,
            "udp_over_tcp": false,
            "group": "freeCatvpn",
            "protocol": "origin",
            "obfs_udp": false,
            "enable": true
        },
        {
            "remarks": "Freecat  \u7f8e\u56fd 3(\u8054\u901a*\u7535\u4fe1-\u76f4\u8def\u7531-\u63a8\u8350) - Shadowsocks",
            "server": "us3.freecatvpn.net",
            "server_port": 47926,
            "method": "rc4-md5",
            "obfs": "plain",
            "obfsparam": "",
            "remarks_base64": "RnJlZWNhdCAg576O5Zu9IDMo6IGU6YCaKueUteS\/oS3nm7Tot6\/nlLEt5o6o6I2QKSAtIFNoYWRvd3NvY2tz",
            "password": "AAwRlY",
            "tcp_over_udp": false,
            "udp_over_tcp": false,
            "group": "freeCatvpn",
            "protocol": "origin",
            "obfs_udp": false,
            "enable": true
        }
    ]
}