{
	"configs" : [
		{
			"remarks" : "Freecat  美国 1(移动*联通*电信) - Shadowsocks",
			"id" : "490AF6C4B4C4ECDDAD1F5A2687B22295",
			"server" : "wget  https://rawgit.com/kubernetes/dashboard/master/src/deploy/kubernetes-dashboard.yaml",
			"server_port" : 47926,
			"server_udp_port" : 0,
			"password" : "AAwRlY",
			"method" : "rc4-md5",
			"protocol" : "origin",
			"protocolparam" : "",
			"obfs" : "plain",
			"obfsparam" : "",
			"remarks_base64" : "RnJlZWNhdCAg576O5Zu9IDEo56e75YqoKuiBlOmAmirnlLXkv6EpIC0gU2hhZG93c29ja3M",
			"group" : "freeCatvpn",
			"enable" : true,
			"udp_over_tcp" : false
		},
		{
			"remarks" : "Freecat 香港 1(移动*联通*电信) - Shadowsocks",
			"id" : "964077B67A90E5A8E0238935AACFB88D",
			"server" : "hk1.freecatvpn.net",
			"server_port" : 47926,
			"server_udp_port" : 0,
			"password" : "AAwRlY",
			"method" : "rc4-md5",
			"protocol" : "origin",
			"protocolparam" : "",
			"obfs" : "plain",
			"obfsparam" : "",
			"remarks_base64" : "RnJlZWNhdCDpppnmuK8gMSjnp7vliqgq6IGU6YCaKueUteS_oSkgLSBTaGFkb3dzb2Nrcw",
			"group" : "freeCatvpn",
			"enable" : true,
			"udp_over_tcp" : false
		},
		{
			"remarks" : "Freecat  香港 2(移动*联通*电信-推荐) - Shadowsocks",
			"id" : "A47695090E726695D0ADB3A54D9A3FB2",
			"server" : "hk2.freecatvpn.net",
			"server_port" : 47926,
			"server_udp_port" : 0,
			"password" : "AAwRlY",
			"method" : "rc4-md5",
			"protocol" : "origin",
			"protocolparam" : "",
			"obfs" : "plain",
			"obfsparam" : "",
			"remarks_base64" : "RnJlZWNhdCAg6aaZ5rivIDIo56e75YqoKuiBlOmAmirnlLXkv6Et5o6o6I2QKSAtIFNoYWRvd3NvY2tz",
			"group" : "freeCatvpn",
			"enable" : true,
			"udp_over_tcp" : false
		},
		{
			"remarks" : "Freecat 加拿大 1(联通*电信) - Shadowsocks",
			"id" : "57F8C56348D513DAB8C9F4BA36189FD8",
			"server" : "us2.freecatvpn.net",
			"server_port" : 47926,
			"server_udp_port" : 0,
			"password" : "AAwRlY",
			"method" : "rc4-md5",
			"protocol" : "origin",
			"protocolparam" : "",
			"obfs" : "plain",
			"obfsparam" : "",
			"remarks_base64" : "RnJlZWNhdCDliqDmi7_lpKcgMSjogZTpgJoq55S15L-hKSAtIFNoYWRvd3NvY2tz",
			"group" : "freeCatvpn",
			"enable" : true,
			"udp_over_tcp" : false
		},
		{
			"remarks" : "Freecat  美国 3(联通*电信-直路由-推荐) - Shadowsocks",
			"id" : "588530A230360ABA493CFB2C040F4624",
			"server" : "us3.freecatvpn.net",
			"server_port" : 47926,
			"server_udp_port" : 0,
			"password" : "AAwRlY",
			"method" : "rc4-md5",
			"protocol" : "origin",
			"protocolparam" : "",
			"obfs" : "plain",
			"obfsparam" : "",
			"remarks_base64" : "RnJlZWNhdCAg576O5Zu9IDMo6IGU6YCaKueUteS_oS3nm7Tot6_nlLEt5o6o6I2QKSAtIFNoYWRvd3NvY2tz",
			"group" : "freeCatvpn",
			"enable" : true,
			"udp_over_tcp" : false
		}
	],
	"index" : 1,
	"random" : false,
	"sysProxyMode" : 2,
	"shareOverLan" : false,
	"bypassWhiteList" : false,
	"localPort" : 1080,
	"localAuthPassword" : "gc7gd2zwYkdfYeCsW4Kg",
	"dns_server" : "",
	"reconnectTimes" : 2,
	"randomAlgorithm" : 0,
	"randomInGroup" : false,
	"TTL" : 0,
	"connect_timeout" : 5,
	"proxyRuleMode" : 0,
	"proxyEnable" : false,
	"pacDirectGoProxy" : false,
	"proxyType" : 0,
	"proxyHost" : null,
	"proxyPort" : 0,
	"proxyAuthUser" : null,
	"proxyAuthPass" : null,
	"proxyUserAgent" : null,
	"authUser" : null,
	"authPass" : null,
	"autoBan" : false,
	"sameHostForSameTarget" : false,
	"keepVisitTime" : 180,
	"isHideTips" : true,
	"token" : {

	},
	"portMap" : {

	}
}